"Date","Demand"
"01/09/14","4"
"02/09/14","2"
"03/09/14","9"
"04/09/14","3"
"05/09/14","1"
"06/09/14","1"
"07/09/14","4"
"08/09/14","2"
"09/09/14","4"
"10/09/14","5"
"11/09/14","7"
"12/09/14","2"
"13/09/14","2"
"14/09/14","2"
"15/09/14","0"
"16/09/14","2"
"17/09/14","3"
"18/09/14","10"
"19/09/14","4"
"20/09/14","1"
"21/09/14","1"
"22/09/14","10"
"23/09/14","3"
"24/09/14","2"
"25/09/14","5"
"26/09/14","2"
"27/09/14","1"
"28/09/14","2"
"29/09/14","4"
"30/09/14","7"
"01/10/14","4"
"02/10/14","2"
"03/10/14","5"
"04/10/14","0"
"05/10/14","7"
"06/10/14","3"
"07/10/14","5"
"08/10/14","14"
"09/10/14","0"
"10/10/14","3"
"11/10/14","2"
"12/10/14","4"
"13/10/14","5"
"14/10/14","8"
"15/10/14","3"
"16/10/14","3"
"17/10/14","4"
"18/10/14","0"
"19/10/14","6"
"20/10/14","8"
"21/10/14","3"
"22/10/14","3"
"23/10/14","5"
"24/10/14","2"
"25/10/14","4"
"26/10/14","1"
"27/10/14","3"
"28/10/14","4"
"29/10/14","1"
"30/10/14","1"
"31/10/14","0"
"01/11/14","3"
"02/11/14","4"
"03/11/14","2"
"04/11/14","4"
"05/11/14","8"
"06/11/14","3"
"07/11/14","5"
"08/11/14","2"
"09/11/14","5"
"10/11/14","8"
"11/11/14","7"
"12/11/14","7"
"13/11/14","4"
"14/11/14","4"
"15/11/14","3"
"16/11/14","3"
"17/11/14","11"
"18/11/14","9"
"19/11/14","11"
"20/11/14","4"
"21/11/14","3"
"22/11/14","3"
"23/11/14","8"
"24/11/14","11"
"25/11/14","6"
"26/11/14","10"
"27/11/14","10"
"28/11/14","8"
"29/11/14","2"
"30/11/14","12"
"01/12/14","10"
"02/12/14","8"
"03/12/14","8"
"04/12/14","4"
"05/12/14","9"
"06/12/14","5"
"07/12/14","7"
"08/12/14","14"
"09/12/14","9"
"10/12/14","8"
"11/12/14","14"
"12/12/14","10"
"13/12/14","5"
"14/12/14","12"
"15/12/14","17"
"16/12/14","3"
"17/12/14","10"
"18/12/14","5"
"19/12/14","3"
"20/12/14","1"
"21/12/14","4"
"22/12/14","1"
"23/12/14","0"
"24/12/14","1"
"25/12/14","0"
"26/12/14","2"
"27/12/14","3"
"28/12/14","5"
"29/12/14","6"
"30/12/14","4"
"31/12/14","3"
"01/01/15","1"
"02/01/15","4"
"03/01/15","3"
"04/01/15","8"
"05/01/15","3"
"06/01/15","7"
"07/01/15","1"
"08/01/15","3"
"09/01/15","5"
"10/01/15","0"
"11/01/15","9"
"12/01/15","5"
"13/01/15","7"
"14/01/15","4"
"15/01/15","6"
"16/01/15","4"
"17/01/15","2"
"18/01/15","6"
"19/01/15","6"
"20/01/15","8"
"21/01/15","7"
"22/01/15","6"
"23/01/15","2"
"24/01/15","3"
"25/01/15","8"
"26/01/15","6"
"27/01/15","5"
"28/01/15","5"
"29/01/15","1"
"30/01/15","3"
"31/01/15","4"
"01/02/15","5"
"02/02/15","5"
"03/02/15","4"
"04/02/15","4"
"05/02/15","3"
"06/02/15","3"
"07/02/15","1"
"08/02/15","4"
"09/02/15","2"
"10/02/15","6"
"11/02/15","5"
"12/02/15","3"
"13/02/15","4"
"14/02/15","3"
"15/02/15","3"
"16/02/15","9"
"17/02/15","7"
"18/02/15","5"
"19/02/15","5"
"20/02/15","2"
"21/02/15","1"
"22/02/15","9"
"23/02/15","9"
"24/02/15","8"
"25/02/15","4"
"26/02/15","5"
"27/02/15","3"
"28/02/15","2"
"01/03/15","6"
"02/03/15","12"
"03/03/15","4"
"04/03/15","10"
"05/03/15","6"
"06/03/15","6"
"07/03/15","3"
"08/03/15","7"
"09/03/15","6"
"10/03/15","4"
"11/03/15","12"
"12/03/15","6"
"13/03/15","8"
"14/03/15","5"
"15/03/15","9"
"16/03/15","12"
"17/03/15","9"
"18/03/15","6"
"19/03/15","5"
"20/03/15","4"
"21/03/15","3"
"22/03/15","6"
"23/03/15","12"
"24/03/15","3"
"25/03/15","9"
"26/03/15","6"
"27/03/15","7"
"28/03/15","1"
"29/03/15","13"
"30/03/15","16"
"31/03/15","9"
"01/04/15","7"
"02/04/15","5"
"03/04/15","4"
"04/04/15","1"
"05/04/15","4"
"06/04/15","2"
"07/04/15","8"
"08/04/15","2"
"09/04/15","10"
"10/04/15","0"
"11/04/15","1"
"12/04/15","4"
"13/04/15","2"
"14/04/15","7"
"15/04/15","6"
"16/04/15","4"
"17/04/15","10"
"18/04/15","2"
"19/04/15","7"
"20/04/15","4"
"21/04/15","5"
"22/04/15","13"
"23/04/15","7"
"24/04/15","1"
"25/04/15","2"
"26/04/15","4"
"27/04/15","8"
"28/04/15","9"
"29/04/15","6"
"30/04/15","5"
"01/05/15","0"
"02/05/15","8"
"03/05/15","5"
"04/05/15","6"
"05/05/15","9"
"06/05/15","5"
"07/05/15","2"
"08/05/15","0"
"09/05/15","0"
"10/05/15","0"
"11/05/15","8"
"12/05/15","4"
"13/05/15","12"
"14/05/15","8"
"15/05/15","3"
"16/05/15","1"
"17/05/15","5"
"18/05/15","6"
"19/05/15","12"
"20/05/15","5"
"21/05/15","1"
"22/05/15","4"
"23/05/15","2"
"24/05/15","8"
"25/05/15","5"
"26/05/15","7"
"27/05/15","9"
"28/05/15","3"
"29/05/15","5"
"30/05/15","3"
"31/05/15","2"
"01/06/15","7"
"02/06/15","3"
"03/06/15","3"
"04/06/15","2"
"05/06/15","5"
"06/06/15","1"
"07/06/15","5"
"08/06/15","6"
"09/06/15","6"
"10/06/15","7"
"11/06/15","4"
"12/06/15","4"
"13/06/15","2"
"14/06/15","4"
"15/06/15","4"
"16/06/15","4"
"17/06/15","10"
"18/06/15","7"
"19/06/15","3"
"20/06/15","2"
"21/06/15","1"
"22/06/15","8"
"23/06/15","7"
"24/06/15","6"
"25/06/15","6"
"26/06/15","4"
"27/06/15","4"
"28/06/15","5"
"29/06/15","5"
"30/06/15","5"
"01/07/15","4"
"02/07/15","1"
"03/07/15","2"
"04/07/15","4"
"05/07/15","4"
"06/07/15","6"
"07/07/15","5"
"08/07/15","4"
"09/07/15","6"
"10/07/15","1"
"11/07/15","3"
"12/07/15","4"
"13/07/15","3"
"14/07/15","5"
"15/07/15","6"
"16/07/15","7"
"17/07/15","4"
"18/07/15","0"
"19/07/15","1"
"20/07/15","7"
"21/07/15","9"
"22/07/15","7"
"23/07/15","3"
"24/07/15","4"
"25/07/15","2"
"26/07/15","3"
"27/07/15","11"
"28/07/15","7"
"29/07/15","5"
"30/07/15","6"
"31/07/15","4"
"01/08/15","3"
"02/08/15","3"
"03/08/15","9"
"04/08/15","11"
"05/08/15","4"
"06/08/15","1"
"07/08/15","8"
"08/08/15","3"
"09/08/15","3"
"10/08/15","9"
"11/08/15","7"
"12/08/15","6"
"13/08/15","5"
"14/08/15","5"
"15/08/15","3"
"16/08/15","7"
"17/08/15","13"
"18/08/15","7"
"19/08/15","1"
"20/08/15","1"
"21/08/15","4"
"22/08/15","4"
"23/08/15","7"
"24/08/15","7"
"25/08/15","5"
"26/08/15","5"
"27/08/15","6"
"28/08/15","3"
"29/08/15","3"
"30/08/15","3"
"31/08/15","11"
"01/09/15","11"
"02/09/15","5"
"03/09/15","9"
"04/09/15","4"
"05/09/15","3"
"06/09/15","8"
"07/09/15","8"
"08/09/15","7"
"09/09/15","3"
"10/09/15","10"
"11/09/15","8"
"12/09/15","1"
"13/09/15","6"
"14/09/15","10"
"15/09/15","10"
"16/09/15","6"
"17/09/15","6"
"18/09/15","1"
"19/09/15","1"
"20/09/15","3"
"21/09/15","7"
"22/09/15","7"
"23/09/15","11"
"24/09/15","7"
"25/09/15","3"
"26/09/15","2"
"27/09/15","3"
"28/09/15","7"
"29/09/15","12"
"30/09/15","10"
"01/10/15","6"
"02/10/15","6"
"03/10/15","2"
"04/10/15","5"
"05/10/15","8"
"06/10/15","8"
"07/10/15","6"
"08/10/15","12"
"09/10/15","5"
"10/10/15","3"
"11/10/15","3"
"12/10/15","13"
"13/10/15","2"
"14/10/15","5"
"15/10/15","14"
"16/10/15","10"
"17/10/15","3"
"18/10/15","4"
"19/10/15","11"
"20/10/15","7"
"21/10/15","9"
"22/10/15","8"
"23/10/15","4"
"24/10/15","2"
"25/10/15","15"
"26/10/15","8"
"27/10/15","5"
"28/10/15","6"
"29/10/15","2"
"30/10/15","6"
"31/10/15","1"
"01/11/15","13"
"02/11/15","14"
"03/11/15","3"
"04/11/15","12"
"05/11/15","10"
"06/11/15","6"
"07/11/15","3"
"08/11/15","6"
"09/11/15","16"
"10/11/15","12"
"11/11/15","8"
"12/11/15","13"
"13/11/15","10"
"14/11/15","6"
"15/11/15","7"
"16/11/15","5"
"17/11/15","4"
"18/11/15","14"
"19/11/15","9"
"20/11/15","9"
"21/11/15","6"
"22/11/15","10"
"23/11/15","10"
"24/11/15","17"
"25/11/15","10"
"26/11/15","5"
"27/11/15","5"
"28/11/15","9"
"29/11/15","10"
"30/11/15","4"
"01/12/15","8"
"02/12/15","15"
"03/12/15","14"
"04/12/15","17"
"05/12/15","8"
"06/12/15","18"
"07/12/15","21"
"08/12/15","21"
"09/12/15","18"
"10/12/15","23"
"11/12/15","18"
"12/12/15","4"
"13/12/15","21"
"14/12/15","22"
"15/12/15","11"
"16/12/15","16"
"17/12/15","12"
"18/12/15","8"
"19/12/15","4"
"20/12/15","10"
"21/12/15","8"
"22/12/15","5"
"23/12/15","6"
"24/12/15","1"
"25/12/15","7"
"26/12/15","3"
"27/12/15","4"
"28/12/15","5"
"29/12/15","3"
"30/12/15","6"
"31/12/15","5"
"01/01/16","2"
"02/01/16","3"
"03/01/16","11"
"04/01/16","11"
"05/01/16","8"
"06/01/16","4"
"07/01/16","5"
"08/01/16","6"
"09/01/16","2"
"10/01/16","8"
"11/01/16","8"
"12/01/16","9"
"13/01/16","8"
"14/01/16","3"
"15/01/16","2"
"16/01/16","5"
"17/01/16","7"
"18/01/16","5"
"19/01/16","4"
"20/01/16","6"
"21/01/16","3"
"22/01/16","6"
"23/01/16","2"
"24/01/16","3"
"25/01/16","1"
"26/01/16","11"
"27/01/16","10"
"28/01/16","5"
"29/01/16","4"
"30/01/16","2"
"31/01/16","3"
"01/02/16","10"
"02/02/16","9"
"03/02/16","13"
"04/02/16","4"
"05/02/16","3"
"06/02/16","4"
"07/02/16","4"
"08/02/16","4"
"09/02/16","10"
"10/02/16","8"
"11/02/16","4"
"12/02/16","3"
"13/02/16","3"
"14/02/16","6"
"15/02/16","6"
"16/02/16","5"
"17/02/16","11"
"18/02/16","4"
"19/02/16","5"
"20/02/16","4"
"21/02/16","6"
"22/02/16","7"
"23/02/16","11"
"24/02/16","4"
"25/02/16","10"
"26/02/16","3"
"27/02/16","7"
"28/02/16","5"
"29/02/16","4"
"01/03/16","9"
"02/03/16","5"
"03/03/16","10"
"04/03/16","3"
"05/03/16","2"
"06/03/16","5"
"07/03/16","6"
"08/03/16","5"
"09/03/16","3"
"10/03/16","6"
"11/03/16","9"
"12/03/16","3"
"13/03/16","4"
"14/03/16","12"
"15/03/16","9"
"16/03/16","11"
"17/03/16","5"
"18/03/16","1"
"19/03/16","1"
"20/03/16","4"
"21/03/16","6"
"22/03/16","13"
"23/03/16","10"
"24/03/16","10"
"25/03/16","3"
"26/03/16","2"
"27/03/16","1"
"28/03/16","5"
"29/03/16","14"
"30/03/16","7"
"31/03/16","5"
"01/04/16","7"
"02/04/16","3"
"03/04/16","4"
"04/04/16","7"
"05/04/16","4"
"06/04/16","9"
"07/04/16","3"
"08/04/16","6"
"09/04/16","3"
"10/04/16","5"
"11/04/16","12"
"12/04/16","12"
"13/04/16","8"
"14/04/16","6"
"15/04/16","9"
"16/04/16","4"
"17/04/16","8"
"18/04/16","10"
"19/04/16","8"
"20/04/16","7"
"21/04/16","7"
"22/04/16","2"
"23/04/16","2"
"24/04/16","10"
"25/04/16","7"
"26/04/16","10"
"27/04/16","5"
"28/04/16","3"
"29/04/16","3"
"30/04/16","3"
"01/05/16","3"
"02/05/16","7"
"03/05/16","7"
"04/05/16","12"
"05/05/16","7"
"06/05/16","3"
"07/05/16","0"
"08/05/16","7"
"09/05/16","8"
"10/05/16","4"
"11/05/16","7"
"12/05/16","5"
"13/05/16","3"
"14/05/16","3"
"15/05/16","3"
"16/05/16","11"
"17/05/16","10"
"18/05/16","2"
"19/05/16","5"
"20/05/16","4"
"21/05/16","2"
"22/05/16","8"
"23/05/16","6"
"24/05/16","6"
"25/05/16","12"
"26/05/16","8"
"27/05/16","1"
"28/05/16","0"
"29/05/16","5"
"30/05/16","6"
"31/05/16","11"
"01/06/16","2"
"02/06/16","7"
"03/06/16","5"
"04/06/16","3"
"05/06/16","3"
"06/06/16","7"
"07/06/16","4"
"08/06/16","7"
"09/06/16","11"
"10/06/16","4"
"11/06/16","0"
"12/06/16","7"
"13/06/16","7"
"14/06/16","7"
"15/06/16","11"
"16/06/16","7"
"17/06/16","4"
"18/06/16","3"
"19/06/16","1"
"20/06/16","8"
"21/06/16","8"
"22/06/16","6"
"23/06/16","2"
"24/06/16","5"
"25/06/16","4"
"26/06/16","0"
"27/06/16","11"
"28/06/16","10"
"29/06/16","5"
"30/06/16","6"
"01/07/16","1"
"02/07/16","0"
"03/07/16","2"
"04/07/16","2"
"05/07/16","7"
"06/07/16","1"
"07/07/16","6"
"08/07/16","3"
"09/07/16","1"
"10/07/16","1"
"11/07/16","6"
"12/07/16","5"
"13/07/16","9"
"14/07/16","13"
"15/07/16","3"
"16/07/16","4"
"17/07/16","5"
"18/07/16","5"
"19/07/16","8"
"20/07/16","4"
"21/07/16","5"
"22/07/16","5"
"23/07/16","3"
"24/07/16","6"
"25/07/16","5"
"26/07/16","9"
"27/07/16","5"
"28/07/16","4"
"29/07/16","3"
"30/07/16","0"
"31/07/16","4"
"01/08/16","11"
"02/08/16","6"
"03/08/16","8"
"04/08/16","1"
"05/08/16","4"
"06/08/16","1"
"07/08/16","2"
"08/08/16","2"
"09/08/16","3"
"10/08/16","7"
"11/08/16","3"
"12/08/16","4"
"13/08/16","4"
"14/08/16","2"
"15/08/16","6"
"16/08/16","9"
"17/08/16","4"
"18/08/16","0"
"19/08/16","5"
"20/08/16","3"
"21/08/16","5"
"22/08/16","3"
"23/08/16","4"
"24/08/16","6"
"25/08/16","6"
"26/08/16","5"
"27/08/16","1"
"28/08/16","3"
"29/08/16","8"
"30/08/16","4"
"31/08/16","1"
"01/09/16","3"
"02/09/16","6"
"03/09/16","2"
"04/09/16","7"
"05/09/16","4"
"06/09/16","4"
"07/09/16","6"
"08/09/16","7"
"09/09/16","4"
"10/09/16","0"
"11/09/16","4"
"12/09/16","9"
"13/09/16","14"
"14/09/16","3"
"15/09/16","9"
"16/09/16","7"
"17/09/16","5"
"18/09/16","7"
"19/09/16","7"
"20/09/16","5"
"21/09/16","3"
"22/09/16","3"
"23/09/16","4"
"24/09/16","3"
"25/09/16","6"
"26/09/16","13"
"27/09/16","6"
"28/09/16","7"
"29/09/16","7"
"30/09/16","7"
"01/10/16","4"
"02/10/16","6"
"03/10/16","8"
"04/10/16","5"
"05/10/16","5"
"06/10/16","3"
"07/10/16","5"
"08/10/16","4"
"09/10/16","7"
"10/10/16","13"
"11/10/16","8"
"12/10/16","13"
"13/10/16","9"
"14/10/16","3"
"15/10/16","2"
"16/10/16","3"
"17/10/16","12"
"18/10/16","8"
"19/10/16","12"
"20/10/16","7"
"21/10/16","4"
"22/10/16","2"
"23/10/16","7"
"24/10/16","8"
"25/10/16","17"
"26/10/16","5"
"27/10/16","10"
"28/10/16","4"
"29/10/16","8"
"30/10/16","8"
"31/10/16","13"
"01/11/16","12"
"02/11/16","17"
"03/11/16","6"
"04/11/16","2"
"05/11/16","4"
"06/11/16","5"
"07/11/16","11"
"08/11/16","15"
"09/11/16","10"
"10/11/16","16"
"11/11/16","10"
"12/11/16","3"
"13/11/16","6"
"14/11/16","10"
"15/11/16","16"
"16/11/16","18"
"17/11/16","8"
"18/11/16","14"
"19/11/16","5"
"20/11/16","11"
"21/11/16","19"
"22/11/16","15"
"23/11/16","10"
"24/11/16","19"
"25/11/16","13"
"26/11/16","14"
"27/11/16","15"
"28/11/16","22"
"29/11/16","14"
"30/11/16","19"
"01/12/16","14"
"02/12/16","9"
"03/12/16","8"
"04/12/16","16"
"05/12/16","14"
"06/12/16","14"
"07/12/16","17"
"08/12/16","20"
"09/12/16","18"
"10/12/16","9"
"11/12/16","13"
"12/12/16","20"
"13/12/16","18"
"14/12/16","16"
"15/12/16","11"
"16/12/16","8"
"17/12/16","11"
"18/12/16","8"
"19/12/16","20"
"20/12/16","12"
"21/12/16","6"
"22/12/16","4"
"23/12/16","3"
"24/12/16","1"
"25/12/16","5"
"26/12/16","4"
"27/12/16","8"
"28/12/16","7"
"29/12/16","5"
"30/12/16","7"
"31/12/16","5"
"01/01/17","5"
"02/01/17","11"
"03/01/17","6"
"04/01/17","9"
"05/01/17","8"
"06/01/17","11"
"07/01/17","5"
"08/01/17","5"
"09/01/17","12"
"10/01/17","4"
"11/01/17","8"
"12/01/17","6"
"13/01/17","6"
"14/01/17","5"
"15/01/17","6"
"16/01/17","11"
"17/01/17","5"
"18/01/17","2"
"19/01/17","6"
"20/01/17","6"
"21/01/17","6"
"22/01/17","5"
"23/01/17","7"
"24/01/17","7"
"25/01/17","11"
"26/01/17","4"
"27/01/17","7"
"28/01/17","3"
"29/01/17","6"
"30/01/17","6"
"31/01/17","4"
"01/02/17","8"
"02/02/17","5"
"03/02/17","2"
"04/02/17","6"
"05/02/17","4"
"06/02/17","13"
"07/02/17","7"
"08/02/17","11"
"09/02/17","7"
"10/02/17","6"
"11/02/17","4"
"12/02/17","8"
"13/02/17","8"
"14/02/17","8"
"15/02/17","10"
"16/02/17","5"
"17/02/17","10"
"18/02/17","7"
"19/02/17","12"
"20/02/17","9"
"21/02/17","17"
"22/02/17","16"
"23/02/17","6"
"24/02/17","11"
"25/02/17","6"
"26/02/17","6"
"27/02/17","15"
"28/02/17","11"
"01/03/17","5"
"02/03/17","10"
"03/03/17","5"
"04/03/17","4"
"05/03/17","13"
"06/03/17","17"
"07/03/17","19"
"08/03/17","16"
"09/03/17","10"
"10/03/17","5"
"11/03/17","4"
"12/03/17","12"
"13/03/17","10"
"14/03/17","12"
"15/03/17","11"
"16/03/17","7"
"17/03/17","5"
"18/03/17","9"
"19/03/17","11"
"20/03/17","10"
"21/03/17","7"
"22/03/17","20"
"23/03/17","12"
"24/03/17","10"
"25/03/17","2"
"26/03/17","4"
"27/03/17","15"
"28/03/17","20"
"29/03/17","8"
"30/03/17","9"
"31/03/17","2"
"01/04/17","2"
"02/04/17","13"
"03/04/17","11"
"04/04/17","9"
"05/04/17","15"
"06/04/17","11"
"07/04/17","14"
"08/04/17","3"
"09/04/17","9"
"10/04/17","8"
"11/04/17","14"
"12/04/17","8"
"13/04/17","7"
"14/04/17","7"
"15/04/17","6"
"16/04/17","9"
"17/04/17","16"
"18/04/17","12"
"19/04/17","17"
"20/04/17","9"
"21/04/17","12"
"22/04/17","11"
"23/04/17","10"
"24/04/17","15"
"25/04/17","10"
"26/04/17","24"
"27/04/17","11"
"28/04/17","8"
"29/04/17","3"
"30/04/17","5"
"01/05/17","9"
"02/05/17","7"
"03/05/17","11"
"04/05/17","12"
"05/05/17","10"
"06/05/17","2"
"07/05/17","9"
"08/05/17","10"
"09/05/17","13"
"10/05/17","19"
"11/05/17","6"
"12/05/17","8"
"13/05/17","5"
"14/05/17","7"
"15/05/17","19"
"16/05/17","14"
"17/05/17","9"
"18/05/17","4"
"19/05/17","7"
"20/05/17","5"
"21/05/17","10"
"22/05/17","13"
"23/05/17","12"
"24/05/17","6"
"25/05/17","6"
"26/05/17","7"
"27/05/17","1"
"28/05/17","6"
"29/05/17","10"
"30/05/17","7"
"31/05/17","12"
"01/06/17","8"
"02/06/17","5"
"03/06/17","3"
"04/06/17","9"
"05/06/17","12"
"06/06/17","14"
"07/06/17","16"
"08/06/17","11"
"09/06/17","7"
"10/06/17","9"
"11/06/17","7"
"12/06/17","15"
"13/06/17","18"
"14/06/17","12"
"15/06/17","5"
"16/06/17","4"
"17/06/17","7"
"18/06/17","8"
"19/06/17","12"
"20/06/17","10"
"21/06/17","12"
"22/06/17","10"
"23/06/17","5"
"24/06/17","12"
"25/06/17","11"
"26/06/17","19"
"27/06/17","18"
"28/06/17","12"
"29/06/17","18"
"30/06/17","6"
"01/07/17","4"
"02/07/17","12"
"03/07/17","9"
"04/07/17","8"
"05/07/17","5"
"06/07/17","5"
"07/07/17","7"
"08/07/17","8"
"09/07/17","7"
"10/07/17","12"
"11/07/17","14"
"12/07/17","10"
"13/07/17","19"
"14/07/17","6"
"15/07/17","5"
"16/07/17","10"
"17/07/17","17"
"18/07/17","11"
"19/07/17","15"
"20/07/17","20"
"21/07/17","3"
"22/07/17","5"
"23/07/17","14"
"24/07/17","10"
"25/07/17","15"
"26/07/17","12"
"27/07/17","11"
"28/07/17","11"
"29/07/17","7"
"30/07/17","6"
"31/07/17","6"
"01/08/17","13"
"02/08/17","10"
"03/08/17","8"
"04/08/17","4"
"05/08/17","5"
"06/08/17","5"
"07/08/17","13"
"08/08/17","10"
"09/08/17","16"
"10/08/17","7"
"11/08/17","8"
"12/08/17","2"
"13/08/17","12"
"14/08/17","8"
"15/08/17","12"
"16/08/17","13"
"17/08/17","16"
"18/08/17","5"
"19/08/17","2"
"20/08/17","12"
"21/08/17","15"
"22/08/17","12"
"23/08/17","17"
"24/08/17","10"
"25/08/17","2"
"26/08/17","1"
"27/08/17","6"
"28/08/17","7"
"29/08/17","12"
"30/08/17","16"
"31/08/17","9"
"01/09/17","11"
"02/09/17","6"
"03/09/17","12"
"04/09/17","18"
"05/09/17","14"
"06/09/17","12"
"07/09/17","13"
"08/09/17","15"
"09/09/17","6"
"10/09/17","4"
"11/09/17","14"
"12/09/17","12"
"13/09/17","16"
"14/09/17","11"
"15/09/17","8"
"16/09/17","9"
"17/09/17","13"
"18/09/17","12"
"19/09/17","14"
"20/09/17","14"
"21/09/17","12"
"22/09/17","8"
"23/09/17","12"
"24/09/17","9"
"25/09/17","15"
"26/09/17","11"
"27/09/17","10"
"28/09/17","8"
"29/09/17","10"
"30/09/17","8"
"01/10/17","9"
"02/10/17","11"
"03/10/17","22"
"04/10/17","18"
"05/10/17","12"
"06/10/17","11"
"07/10/17","8"
"08/10/17","8"
"09/10/17","18"
"10/10/17","13"
"11/10/17","10"
"12/10/17","5"
"13/10/17","5"
"14/10/17","7"
"15/10/17","12"
"16/10/17","14"
"17/10/17","14"
"18/10/17","18"
"19/10/17","11"
"20/10/17","7"
"21/10/17","9"
"22/10/17","10"
"23/10/17","22"
"24/10/17","15"
"25/10/17","8"
"26/10/17","11"
"27/10/17","9"
"28/10/17","3"
"29/10/17","4"
"30/10/17","12"
"31/10/17","25"
"01/11/17","18"
"02/11/17","14"
"03/11/17","14"
"04/11/17","4"
"05/11/17","14"
"06/11/17","23"
"07/11/17","16"
"08/11/17","15"
"09/11/17","9"
"10/11/17","15"
"11/11/17","11"
"12/11/17","9"
"13/11/17","18"
"14/11/17","29"
"15/11/17","22"
"16/11/17","13"
"17/11/17","16"
"18/11/17","7"
"19/11/17","12"
"20/11/17","14"
"21/11/17","17"
"22/11/17","28"
"23/11/17","20"
"24/11/17","43"
"25/11/17","26"
"26/11/17","44"
"27/11/17","27"
"28/11/17","13"
"29/11/17","20"
"30/11/17","11"
"01/12/17","14"
"02/12/17","13"
"03/12/17","18"
"04/12/17","37"
"05/12/17","29"
"06/12/17","27"
"07/12/17","18"
"08/12/17","17"
"09/12/17","18"
"10/12/17","24"
"11/12/17","36"
"12/12/17","38"
"13/12/17","39"
"14/12/17","20"
"15/12/17","21"
"16/12/17","12"
"17/12/17","13"
"18/12/17","25"
"19/12/17","15"
"20/12/17","6"
"21/12/17","4"
"22/12/17","5"
"23/12/17","2"
"24/12/17","5"
"25/12/17","5"
"26/12/17","6"
"27/12/17","11"
"28/12/17","10"
"29/12/17","7"
"30/12/17","5"
"31/12/17","2"
"01/01/18","13"
"02/01/18","12"
"03/01/18","7"
"04/01/18","9"
"05/01/18","8"
"06/01/18","1"
"07/01/18","5"
"08/01/18","8"
"09/01/18","3"
"10/01/18","6"
"11/01/18","9"
"12/01/18","10"
"13/01/18","2"
"14/01/18","8"
"15/01/18","17"
"16/01/18","8"
"17/01/18","15"
"18/01/18","5"
"19/01/18","1"
"20/01/18","4"
"21/01/18","8"
"22/01/18","11"
"23/01/18","8"
"24/01/18","7"
"25/01/18","6"
"26/01/18","4"
"27/01/18","3"
"28/01/18","5"
"29/01/18","5"
"30/01/18","7"
"31/01/18","8"
"01/02/18","5"
"02/02/18","5"
"03/02/18","2"
"04/02/18","12"
"05/02/18","6"
"06/02/18","11"
"07/02/18","9"
"08/02/18","7"
"09/02/18","8"
"10/02/18","4"
"11/02/18","2"
"12/02/18","10"
"13/02/18","6"
"14/02/18","13"
"15/02/18","7"
"16/02/18","4"
"17/02/18","0"
"18/02/18","2"
"19/02/18","11"
"20/02/18","3"
"21/02/18","9"
"22/02/18","1"
"23/02/18","2"
"24/02/18","0"
"25/02/18","7"
"26/02/18","10"
"27/02/18","9"
"28/02/18","11"
"01/03/18","11"
"02/03/18","7"
"03/03/18","2"
"04/03/18","9"
"05/03/18","11"
"06/03/18","12"
"07/03/18","8"
"08/03/18","10"
"09/03/18","8"
"10/03/18","3"
"11/03/18","6"
"12/03/18","12"
"13/03/18","7"
"14/03/18","14"
"15/03/18","9"
"16/03/18","5"
"17/03/18","3"
"18/03/18","15"
"19/03/18","5"
"20/03/18","15"
"21/03/18","12"
"22/03/18","7"
"23/03/18","11"
"24/03/18","13"
"25/03/18","6"
"26/03/18","15"
"27/03/18","16"
"28/03/18","7"
"29/03/18","5"
"30/03/18","3"
"31/03/18","5"
"01/04/18","11"
"02/04/18","9"
"03/04/18","12"
"04/04/18","3"
"05/04/18","9"
"06/04/18","9"
"07/04/18","5"
"08/04/18","5"
"09/04/18","15"
"10/04/18","7"
"11/04/18","17"
"12/04/18","12"
"13/04/18","13"
"14/04/18","7"
"15/04/18","9"
"16/04/18","15"
"17/04/18","16"
"18/04/18","12"
"19/04/18","10"
"20/04/18","12"
"21/04/18","7"
"22/04/18","3"
"23/04/18","13"
"24/04/18","13"
"25/04/18","13"
"26/04/18","8"
"27/04/18","3"
"28/04/18","6"
"29/04/18","7"
"30/04/18","9"
"01/05/18","4"
"02/05/18","15"
"03/05/18","13"
"04/05/18","7"
"05/05/18","5"
"06/05/18","8"
"07/05/18","13"
"08/05/18","13"
"09/05/18","21"
"10/05/18","18"
"11/05/18","13"
"12/05/18","7"
"13/05/18","9"
"14/05/18","6"
"15/05/18","9"
"16/05/18","7"
"17/05/18","7"
"18/05/18","0"
"19/05/18","0"
"20/05/18","0"
"21/05/18","12"
"22/05/18","9"
"23/05/18","13"
"24/05/18","16"
"25/05/18","11"
"26/05/18","1"
"27/05/18","8"
"28/05/18","14"
"29/05/18","6"
"30/05/18","7"
"31/05/18","9"
"01/06/18","10"
"02/06/18","1"
"03/06/18","7"
"04/06/18","7"
"05/06/18","7"
"06/06/18","6"
"07/06/18","8"
"08/06/18","2"
"09/06/18","1"
"10/06/18","9"
"11/06/18","11"
"12/06/18","9"
"13/06/18","9"
"14/06/18","6"
"15/06/18","6"
"16/06/18","7"
"17/06/18","4"
"18/06/18","16"
"19/06/18","6"
"20/06/18","10"
"21/06/18","6"
"22/06/18","3"
"23/06/18","0"
"24/06/18","6"
"25/06/18","12"
"26/06/18","11"
"27/06/18","8"
"28/06/18","5"
"29/06/18","5"
"30/06/18","5"
"01/07/18","17"
"02/07/18","9"
"03/07/18","8"
"04/07/18","2"
"05/07/18","1"
"06/07/18","2"
"07/07/18","5"
"08/07/18","2"
"09/07/18","16"
"10/07/18","12"
"11/07/18","13"
"12/07/18","9"
"13/07/18","4"
"14/07/18","4"
"15/07/18","10"
"16/07/18","12"
"17/07/18","7"
"18/07/18","8"
"19/07/18","14"
"20/07/18","9"
"21/07/18","5"
"22/07/18","8"
"23/07/18","8"
"24/07/18","5"
"25/07/18","8"
"26/07/18","7"
"27/07/18","6"
"28/07/18","2"
"29/07/18","3"
"30/07/18","9"
"31/07/18","3"
"01/08/18","9"
"02/08/18","7"
"03/08/18","6"
"04/08/18","4"
"05/08/18","8"
"06/08/18","10"
"07/08/18","9"
"08/08/18","6"
"09/08/18","8"
"10/08/18","3"
"11/08/18","2"
"12/08/18","9"
"13/08/18","13"
"14/08/18","10"
"15/08/18","16"
"16/08/18","9"
"17/08/18","7"
"18/08/18","4"
"19/08/18","4"
"20/08/18","7"
"21/08/18","6"
"22/08/18","11"
"23/08/18","3"
"24/08/18","7"
"25/08/18","3"
"26/08/18","7"
"27/08/18","9"
"28/08/18","12"
"29/08/18","8"
"30/08/18","13"
"31/08/18","8"
"01/09/18","2"
"02/09/18","5"
"03/09/18","7"
"04/09/18","10"
"05/09/18","11"
"06/09/18","10"
"07/09/18","6"
"08/09/18","2"
"09/09/18","10"
"10/09/18","8"
"11/09/18","4"
"12/09/18","8"
"13/09/18","6"
"14/09/18","9"
"15/09/18","5"
"16/09/18","10"
"17/09/18","13"
"18/09/18","9"
"19/09/18","10"
"20/09/18","14"
"21/09/18","6"
"22/09/18","2"
"23/09/18","9"
"24/09/18","13"
"25/09/18","10"
"26/09/18","10"
"27/09/18","4"
"28/09/18","3"
"29/09/18","4"
"30/09/18","11"
"01/10/18","12"
"02/10/18","10"
"03/10/18","7"
"04/10/18","9"
"05/10/18","12"
"06/10/18","5"
"07/10/18","6"
"08/10/18","14"
"09/10/18","18"
"10/10/18","17"
"11/10/18","11"
"12/10/18","12"
"13/10/18","8"
"14/10/18","10"
"15/10/18","14"
"16/10/18","23"
"17/10/18","10"
"18/10/18","9"
"19/10/18","12"
"20/10/18","5"
"21/10/18","10"
"22/10/18","11"
"23/10/18","11"
"24/10/18","19"
"25/10/18","10"
"26/10/18","5"
"27/10/18","12"
"28/10/18","8"
"29/10/18","12"
"30/10/18","1"
"31/10/18","10"
"01/11/18","11"
"02/11/18","5"
"03/11/18","4"
"04/11/18","10"
"05/11/18","15"
"06/11/18","20"
"07/11/18","10"
"08/11/18","9"
"09/11/18","19"
"10/11/18","6"
"11/11/18","16"
"12/11/18","23"
"13/11/18","25"
"14/11/18","20"
"15/11/18","10"
"16/11/18","8"
"17/11/18","8"
"18/11/18","15"
"19/11/18","18"
"20/11/18","14"
"21/11/18","33"
"22/11/18","20"
"23/11/18","23"
"24/11/18","12"
"25/11/18","34"
"26/11/18","25"
"27/11/18","16"
"28/11/18","12"
"29/11/18","11"
"30/11/18","11"
"01/12/18","10"
"02/12/18","16"
"03/12/18","18"
"04/12/18","19"
"05/12/18","9"
"06/12/18","17"
"07/12/18","12"
"08/12/18","8"
"09/12/18","17"
"10/12/18","18"
"11/12/18","17"
"12/12/18","21"
"13/12/18","14"
"14/12/18","18"
"15/12/18","8"
"16/12/18","11"
"17/12/18","10"
"18/12/18","12"
"19/12/18","9"
"20/12/18","8"
"21/12/18","5"
"22/12/18","0"
"23/12/18","2"
"24/12/18","0"
"25/12/18","6"
"26/12/18","3"
"27/12/18","6"
"28/12/18","7"
"29/12/18","2"
"30/12/18","8"
"31/12/18","2"
"01/01/19","7"
"02/01/19","5"
"03/01/19","9"
"04/01/19","8"
"05/01/19","9"
"06/01/19","6"
"07/01/19","8"
"08/01/19","10"
"09/01/19","10"
"10/01/19","6"
"11/01/19","7"
"12/01/19","3"
"13/01/19","12"
"14/01/19","9"
"15/01/19","5"
"16/01/19","14"
"17/01/19","6"
"18/01/19","6"
"19/01/19","6"
"20/01/19","9"
"21/01/19","6"
"22/01/19","12"
"23/01/19","7"
"24/01/19","10"
"25/01/19","5"
"26/01/19","4"
"27/01/19","9"
"28/01/19","9"
"29/01/19","9"
"30/01/19","10"
"31/01/19","10"
"01/02/19","5"
"02/02/19","5"
"03/02/19","8"
"04/02/19","9"
"05/02/19","9"
"06/02/19","13"
"07/02/19","9"
"08/02/19","14"
"09/02/19","5"
"10/02/19","10"
"11/02/19","14"
"12/02/19","15"
"13/02/19","9"
"14/02/19","17"
"15/02/19","4"
"16/02/19","4"
"17/02/19","6"
"18/02/19","18"
"19/02/19","15"
"20/02/19","14"
"21/02/19","9"
"22/02/19","8"
"23/02/19","9"
"24/02/19","8"
"25/02/19","14"
"26/02/19","15"
"27/02/19","9"
"28/02/19","15"
"01/03/19","7"
"02/03/19","14"
"03/03/19","4"
"04/03/19","16"
"05/03/19","10"
"06/03/19","13"
"07/03/19","17"
"08/03/19","6"
"09/03/19","7"
"10/03/19","14"
"11/03/19","13"
"12/03/19","26"
"13/03/19","22"
"14/03/19","14"
"15/03/19","16"
"16/03/19","11"
"17/03/19","11"
"18/03/19","13"
"19/03/19","12"
"20/03/19","19"
"21/03/19","7"
"22/03/19","12"
"23/03/19","7"
"24/03/19","16"
"25/03/19","15"
"26/03/19","17"
"27/03/19","14"
"28/03/19","12"
"29/03/19","11"
"30/03/19","4"
"31/03/19","9"
"01/04/19","15"
"02/04/19","13"
"03/04/19","14"
"04/04/19","12"
"05/04/19","5"
"06/04/19","7"
"07/04/19","10"
"08/04/19","13"
"09/04/19","16"
"10/04/19","12"
"11/04/19","16"
"12/04/19","11"
"13/04/19","9"
"14/04/19","10"
"15/04/19","17"
"16/04/19","10"
"17/04/19","24"
"18/04/19","4"
"19/04/19","5"
"20/04/19","2"
"21/04/19","1"
"22/04/19","13"
"23/04/19","13"
"24/04/19","14"
"25/04/19","5"
"26/04/19","7"
"27/04/19","10"
"28/04/19","12"
"29/04/19","15"
"30/04/19","6"
"01/05/19","8"
"02/05/19","9"
"03/05/19","13"
"04/05/19","7"
"05/05/19","11"
"06/05/19","21"
"07/05/19","16"
"08/05/19","12"
"09/05/19","12"
"10/05/19","10"
"11/05/19","9"
"12/05/19","8"
"13/05/19","11"
"14/05/19","9"
"15/05/19","20"
"16/05/19","13"
"17/05/19","8"
"18/05/19","1"
"19/05/19","6"
"20/05/19","14"
"21/05/19","9"
"22/05/19","15"
"23/05/19","12"
"24/05/19","5"
"25/05/19","2"
"26/05/19","10"
"27/05/19","13"
"28/05/19","9"
"29/05/19","10"
"30/05/19","9"
"31/05/19","4"
"01/06/19","4"
"02/06/19","8"
"03/06/19","6"
"04/06/19","13"
"05/06/19","6"
"06/06/19","10"
"07/06/19","5"
"08/06/19","2"
"09/06/19","6"
"10/06/19","7"
"11/06/19","7"
"12/06/19","7"
"13/06/19","6"
"14/06/19","15"
"15/06/19","4"
"16/06/19","11"
"17/06/19","10"
"18/06/19","10"
"19/06/19","13"
"20/06/19","11"
"21/06/19","9"
"22/06/19","5"
"23/06/19","11"
"24/06/19","14"
"25/06/19","16"
"26/06/19","12"
"27/06/19","9"
"28/06/19","4"
"29/06/19","7"
"30/06/19","10"
"01/07/19","16"
"02/07/19","11"
"03/07/19","8"
"04/07/19","7"
"05/07/19","3"
"06/07/19","5"
"07/07/19","10"
"08/07/19","11"
"09/07/19","10"
"10/07/19","10"
"11/07/19","17"
"12/07/19","6"
"13/07/19","3"
"14/07/19","6"
"15/07/19","10"
"16/07/19","17"
"17/07/19","7"
"18/07/19","10"
"19/07/19","8"
"20/07/19","6"
"21/07/19","12"
"22/07/19","12"
"23/07/19","11"
"24/07/19","8"
"25/07/19","10"
"26/07/19","8"
"27/07/19","2"
"28/07/19","9"
"29/07/19","14"
"30/07/19","14"
"31/07/19","18"
"01/08/19","13"
"02/08/19","6"
"03/08/19","8"
"04/08/19","4"
"05/08/19","12"
"06/08/19","13"
"07/08/19","14"
"08/08/19","9"
"09/08/19","28"
"10/08/19","5"
"11/08/19","7"
"12/08/19","7"
"13/08/19","15"
"14/08/19","14"
"15/08/19","15"
"16/08/19","7"
"17/08/19","8"
"18/08/19","3"
"19/08/19","11"
"20/08/19","6"
"21/08/19","7"
"22/08/19","4"
"23/08/19","5"
"24/08/19","6"
"25/08/19","5"
"26/08/19","11"
"27/08/19","11"
"28/08/19","13"
"29/08/19","15"
"30/08/19","10"
"31/08/19","10"
"01/09/19","3"
"02/09/19","9"
"03/09/19","14"
"04/09/19","11"
"05/09/19","5"
"06/09/19","9"
"07/09/19","3"
"08/09/19","9"
"09/09/19","16"
"10/09/19","11"
"11/09/19","6"
"12/09/19","14"
"13/09/19","8"
"14/09/19","6"
"15/09/19","8"
"16/09/19","12"
"17/09/19","13"
"18/09/19","19"
"19/09/19","10"
"20/09/19","12"
"21/09/19","3"
"22/09/19","7"
"23/09/19","12"
"24/09/19","13"
"25/09/19","7"
"26/09/19","5"
"27/09/19","8"
"28/09/19","5"
"29/09/19","9"
"30/09/19","16"
"01/10/19","10"
"02/10/19","9"
"03/10/19","12"
"04/10/19","8"
"05/10/19","6"
"06/10/19","10"
"07/10/19","10"
"08/10/19","13"
"09/10/19","8"
"10/10/19","11"
"11/10/19","6"
"12/10/19","7"
"13/10/19","4"
"14/10/19","14"
"15/10/19","16"
"16/10/19","6"
"17/10/19","14"
"18/10/19","18"
"19/10/19","1"
"20/10/19","11"
"21/10/19","15"
"22/10/19","15"
"23/10/19","13"
"24/10/19","11"
"25/10/19","11"
"26/10/19","5"
"27/10/19","0"
"28/10/19","13"
"29/10/19","15"
"30/10/19","16"
"31/10/19","7"
"01/11/19","10"
"02/11/19","5"
"03/11/19","17"
"04/11/19","18"
"05/11/19","15"
"06/11/19","10"
"07/11/19","16"
"08/11/19","16"
"09/11/19","11"
"10/11/19","16"
"11/11/19","20"
"12/11/19","24"
"13/11/19","24"
"14/11/19","20"
"15/11/19","14"
"16/11/19","7"
"17/11/19","13"
"18/11/19","24"
"19/11/19","20"
"20/11/19","15"
"21/11/19","15"
"22/11/19","20"
"23/11/19","6"
"24/11/19","13"
"25/11/19","21"
"26/11/19","23"
"27/11/19","23"
"28/11/19","26"
"29/11/19","30"
"30/11/19","19"
"01/12/19","36"
"02/12/19","23"
"03/12/19","15"
"04/12/19","18"
"05/12/19","15"
"06/12/19","14"
"07/12/19","0"
"08/12/19","0"
"09/12/19","31"
"10/12/19","18"
"11/12/19","19"
"12/12/19","19"
"13/12/19","17"
"14/12/19","11"
"15/12/19","12"
"16/12/19","20"
"17/12/19","12"
"18/12/19","16"
"19/12/19","6"
"20/12/19","6"
"21/12/19","4"
"22/12/19","7"
"23/12/19","4"
"24/12/19","2"
"25/12/19","4"
"26/12/19","4"
"27/12/19","4"
"28/12/19","3"
"29/12/19","5"
"30/12/19","9"
"31/12/19","1"
"01/01/20","2"
"02/01/20","13"
"03/01/20","15"
"04/01/20","9"
"05/01/20","12"
"06/01/20","13"
"07/01/20","14"
"08/01/20","10"
"09/01/20","8"
"10/01/20","9"
"11/01/20","5"
"12/01/20","7"
"13/01/20","13"
"14/01/20","15"
"15/01/20","6"
"16/01/20","11"
"17/01/20","9"
"18/01/20","5"
"19/01/20","7"
"20/01/20","17"
"21/01/20","20"
"22/01/20","20"
"23/01/20","17"
"24/01/20","6"
"25/01/20","3"
"26/01/20","10"
"27/01/20","11"
"28/01/20","10"
"29/01/20","6"
"30/01/20","4"
"31/01/20","5"
"01/02/20","7"
"02/02/20","10"
"03/02/20","19"
"04/02/20","19"
"05/02/20","9"
"06/02/20","9"
"07/02/20","12"
"08/02/20","5"
"09/02/20","12"
"10/02/20","16"
"11/02/20","13"
"12/02/20","12"
"13/02/20","10"
"14/02/20","15"
"15/02/20","8"
"16/02/20","11"
"17/02/20","14"
"18/02/20","11"
"19/02/20","15"
"20/02/20","14"
"21/02/20","17"
"22/02/20","9"
"23/02/20","9"
"24/02/20","16"
"25/02/20","20"
"26/02/20","12"
"27/02/20","13"
"28/02/20","12"
"29/02/20","6"
"01/03/20","7"
"02/03/20","15"
"03/03/20","21"
"04/03/20","14"
"05/03/20","13"
"06/03/20","10"
"07/03/20","9"
"08/03/20","10"
"09/03/20","19"
"10/03/20","22"
"11/03/20","16"
"12/03/20","8"
"13/03/20","11"
"14/03/20","7"
"15/03/20","13"
"16/03/20","19"
"17/03/20","7"
"18/03/20","12"
"19/03/20","9"
"20/03/20","16"
"21/03/20","11"
"22/03/20","11"
"23/03/20","11"
"24/03/20","12"
"25/03/20","10"
"26/03/20","5"
"27/03/20","4"
"28/03/20","3"
"29/03/20","14"
"30/03/20","10"
"31/03/20","13"
"01/04/20","11"
"02/04/20","9"
"03/04/20","8"
"04/04/20","10"
"05/04/20","19"
"06/04/20","20"
"07/04/20","15"
"08/04/20","8"
"09/04/20","12"
"10/04/20","10"
"11/04/20","4"
"12/04/20","5"
"13/04/20","11"
"14/04/20","18"
"15/04/20","18"
"16/04/20","13"
"17/04/20","5"
"18/04/20","7"
"19/04/20","18"
"20/04/20","18"
"21/04/20","17"
"22/04/20","17"
"23/04/20","14"
"24/04/20","17"
"25/04/20","9"
"26/04/20","11"
"27/04/20","12"
"28/04/20","9"
"29/04/20","11"
"30/04/20","18"
"01/05/20","5"
"02/05/20","6"
"03/05/20","9"
"04/05/20","17"
"05/05/20","11"
"06/05/20","15"
"07/05/20","14"
"08/05/20","6"
"09/05/20","6"
"10/05/20","13"
"11/05/20","18"
"12/05/20","22"
"13/05/20","13"
"14/05/20","12"
"15/05/20","14"
"16/05/20","7"
"17/05/20","8"
"18/05/20","22"
"19/05/20","11"
"20/05/20","17"
"21/05/20","17"
"22/05/20","7"
"23/05/20","8"
"24/05/20","8"
"25/05/20","20"
"26/05/20","17"
"27/05/20","13"
"28/05/20","23"
"29/05/20","9"
"30/05/20","2"
"31/05/20","9"
"01/06/20","15"
"02/06/20","14"
"03/06/20","11"
"04/06/20","9"
"05/06/20","9"
"06/06/20","6"
"07/06/20","6"
"08/06/20","14"
"09/06/20","14"
"10/06/20","14"
"11/06/20","8"
"12/06/20","9"
"13/06/20","2"
"14/06/20","9"
"15/06/20","22"
"16/06/20","11"
"17/06/20","12"
"18/06/20","14"
"19/06/20","10"
"20/06/20","2"
"21/06/20","9"
"22/06/20","12"
"23/06/20","11"
"24/06/20","14"
"25/06/20","8"
"26/06/20","14"
"27/06/20","6"
"28/06/20","8"
"29/06/20","15"
"30/06/20","19"
"01/07/20","17"
"02/07/20","14"
"03/07/20","13"
"04/07/20","3"
"05/07/20","8"
"06/07/20","10"
"07/07/20","9"
"08/07/20","10"
"09/07/20","8"
"10/07/20","4"
"11/07/20","7"
"12/07/20","14"
"13/07/20","10"
"14/07/20","8"
"15/07/20","12"
"16/07/20","11"
"17/07/20","8"
"18/07/20","10"
"19/07/20","10"
"20/07/20","9"
"21/07/20","9"
"22/07/20","11"
"23/07/20","13"
"24/07/20","8"
"25/07/20","9"
"26/07/20","5"
"27/07/20","13"
"28/07/20","10"
"29/07/20","8"
"30/07/20","7"
"31/07/20","10"
"01/08/20","4"
"02/08/20","7"
"03/08/20","11"
"04/08/20","15"
"05/08/20","14"
"06/08/20","12"
"07/08/20","9"
"08/08/20","4"
"09/08/20","7"
"10/08/20","12"
"11/08/20","12"
"12/08/20","11"
"13/08/20","12"
"14/08/20","9"
"15/08/20","7"
"16/08/20","8"
"17/08/20","17"
"18/08/20","6"
"19/08/20","14"
"20/08/20","9"
"21/08/20","10"
"22/08/20","3"
